,Start,End,Attenuation
0,A,B,0.0016
1,A,C,0.0016
2,A,D,0.0007999999999999999
3,B,A,0.0016
4,B,C,0.0007999999999999999
5,B,D,0.0016
6,C,A,0.0016
7,C,B,0.0007999999999999999
8,C,D,0.0016
9,D,A,0.0007999999999999999
10,D,B,0.0016
11,D,C,0.0016
